name	site	type	sequence
G1	N17	FA2	bDGlcNAc(1→2)aDMan(1→6)[bDGlcNAc(1→2)aDMan(1→3)]bDMan(1→4)bDGlcNAc(1→4)[aLFuc(1→6)]bDGlcNAc(1→)PROA-17
G2	N61	M5	aDMan(1→6)[aDMan(1→3)]aDMan(1→6)[aDMan(1→3)]bDMan(1→4)bDGlcNAc(1→4)bDGlcNAc(1→)PROA-61
G3	N74	A3	bDGlcNAc(1→6)[bDGlcNAc(1→2)]aDMan(1→6)[bDGlcNAc(1→2)aDMan(1→3)]bDMan(1→4)bDGlcNAc(1→4)bDGlcNAc(1→)PROA-74
G4	N122	M5	aDMan(1→6)[aDMan(1→3)]aDMan(1→6)[aDMan(1→3)]bDMan(1→4)bDGlcNAc(1→4)bDGlcNAc(1→)PROA-122
G5	N149	FA2G2S1	aDNeu5Ac(2→6)bDGal(1→4)bDGlcNAc(1→2)aDMan(1→6)[bDGal(1→4)bDGlcNAc(1→2)aDMan(1→3)]bDMan(1→4)bDGlcNAc(1→4)[aLFuc(1→6)]bDGlcNAc(1→)PROA-149
G6	N165	FA2G2S2	aDNeu5Ac(2→6)bDGal(1→4)bDGlcNAc(1→2)aDMan(1→6)[aDNeu5Ac(2→6)bDGal(1→4)bDGlcNAc(1→2)aDMan(1→3)]bDMan(1→4)bDGlcNAc(1→4)[aLFuc(1→6)]bDGlcNAc(1→)PROA-165
G7	N234	M8	aDMan(1→2)aDMan(1→6)[aDMan(1→3)]aDMan(1→6)[aDMan(1→2)aDMan(1→2)aDMan(1→3)]bDMan(1→4)bDGlcNAc(1→4)bDGlcNAc(1→)PROA-234
G8	N282	FA3	bDGlcNAc(1→6)[bDGlcNAc(1→2)]aDMan(1→6)[bDGlcNAc(1→2)aDMan(1→3)]bDMan(1→4)bDGlcNAc(1→4)[aLFuc(1→6)]bDGlcNAc(1→)PROA-282
G9	N331	FA2	bDGlcNAc(1→2)aDMan(1→6)[bDGlcNAc(1→2)aDMan(1→3)]bDMan(1→4)bDGlcNAc(1→4)[aLFuc(1→6)]bDGlcNAc(1→)PROA-331
G10	N343	FA2	bDGlcNAc(1→2)aDMan(1→6)[bDGlcNAc(1→2)aDMan(1→3)]bDMan(1→4)bDGlcNAc(1→4)[aLFuc(1→6)]bDGlcNAc(1→)PROA-343
G11	N603	FA2	bDGlcNAc(1→2)aDMan(1→6)[bDGlcNAc(1→2)aDMan(1→3)]bDMan(1→4)bDGlcNAc(1→4)[aLFuc(1→6)]bDGlcNAc(1→)PROA-603
G12	N616	A2	bDGlcNAc(1→2)aDMan(1→6)[bDGlcNAc(1→2)aDMan(1→3)]bDMan(1→4)bDGlcNAc(1→4)bDGlcNAc(1→)PROA-616
G13	N657	M5	aDMan(1→6)[aDMan(1→3)]aDMan(1→6)[aDMan(1→3)]bDMan(1→4)bDGlcNAc(1→4)bDGlcNAc(1→)PROA-657
G14	N709	M6	aDMan(1→6)[aDMan(1→3)]aDMan(1→6)[aDMan(1→2)aDMan(1→3)]bDMan(1→4)bDGlcNAc(1→4)bDGlcNAc(1→)PROA-709
G15	N717	Hybrid G1	bDGal(1→4)bDGlcNAc(1→2)aDMan(1→3)[aDMan(1→6)[aDMan(1→3)]aDMan(1→6)]bDMan(1→4)bDGlcNAc(1→4)bDGlcNAc(1→)PROA-717
G16	N801	M6	aDMan(1→6)[aDMan(1→3)]aDMan(1→6)[aDMan(1→2)aDMan(1→3)]bDMan(1→4)bDGlcNAc(1→4)bDGlcNAc(1→)PROA-801
G17	N1074	FA2G2S1	aDNeu5Ac(2→6)bDGal(1→4)bDGlcNAc(1→2)aDMan(1→3)[bDGal(1→4)bDGlcNAc(1→2)aDMan(1→6)]bDMan(1→4)bDGlcNAc(1→4)[aLFuc(1→6)]bDGlcNAc(1→)PROA-1074
G18	N1098	FA2	bDGlcNAc(1→2)aDMan(1→6)[bDGlcNAc(1→2)aDMan(1→3)]bDMan(1→4)bDGlcNAc(1→4)[aLFuc(1→6)]bDGlcNAc(1→)PROA-1098
G19	N1134	FA1	bDGlcNAc(1→2)aDMan(1→3)[aDMan(1→6)]bDMan(1→4)bDGlcNAc(1→4)[aLFuc(1→6)]bDGlcNAc(1→)PROA-1134
G20	N1158	A2	bDGlcNAc(1→2)aDMan(1→6)[bDGlcNAc(1→2)aDMan(1→3)]bDMan(1→4)bDGlcNAc(1→4)bDGlcNAc(1→)PROA-1158
G21	N1173	FA4	bDGlcNAc(1→6)[bDGlcNAc(1→2)]aDMan(1→6)[bDGlcNAc(1→4)[bDGlcNAc(1→2)]aDMan(1→3)]bDMan(1→4)bDGlcNAc(1→4)[aLFuc(1→6)]bDGlcNAc(1→)PROA-1173
G22	N1194	FA4G4S1	aDNeu5Ac(2→6)bDGal(1→4)bDGlcNAc(1→6)[bDGal(1→4)bDGlcNAc(1→2)]aDMan(1→6)[bDGal(1→4)bDGlcNAc(1→4)[bDGal(1→4)bDGlcNAc(1→2)]aDMan(1→3)]bDMan(1→4)bDGlcNAc(1→4)[aLFuc(1→6)]bDGlcNAc(1→)PROA-1194
G23	T323	O-glycan	aDNeu5Ac(2→3)bDGal(1→3)aDGalNAc(1→)PROA-323
G24	S325	O-glycan	aDNeu5Ac(2→3)bDGal(1→3)aDGalNAc(1→)PROA-325
G25	N17	FA3	bDGlcNAc(1→6)[bDGlcNAc(1→2)]aDMan(1→6)[bDGlcNAc(1→2)aDMan(1→3)]bDMan(1→4)bDGlcNAc(1→4)[aLFuc(1→6)]bDGlcNAc(1→)PROB-17
G26	N61	M5	aDMan(1→6)[aDMan(1→3)]aDMan(1→6)[aDMan(1→3)]bDMan(1→4)bDGlcNAc(1→4)bDGlcNAc(1→)PROB-61
G27	N74	FA3G3S2	aDNeu5Ac(2→6)bDGal(1→4)bDGlcNAc(1→6)[bDGal(1→4)bDGlcNAc(1→2)]aDMan(1→6)[aDNeu5Ac(2→6)bDGal(1→4)bDGlcNAc(1→2)aDMan(1→3)]bDMan(1→4)bDGlcNAc(1→4)[aLFuc(1→6)]bDGlcNAc(1→)PROB-74
G28	N122	FA2	bDGlcNAc(1→2)aDMan(1→6)[bDGlcNAc(1→2)aDMan(1→3)]bDMan(1→4)bDGlcNAc(1→4)[aLFuc(1→6)]bDGlcNAc(1→)PROB-122
G29	N149	FA3	bDGlcNAc(1→6)[bDGlcNAc(1→2)]aDMan(1→6)[bDGlcNAc(1→2)aDMan(1→3)]bDMan(1→4)bDGlcNAc(1→4)[aLFuc(1→6)]bDGlcNAc(1→)PROB-149
G30	N165	M5	aDMan(1→6)[aDMan(1→3)]aDMan(1→6)[aDMan(1→3)]bDMan(1→4)bDGlcNAc(1→4)bDGlcNAc(1→)PROB-165
G31	N234	M9	aDMan(1→2)aDMan(1→6)[aDMan(1→2)aDMan(1→3)]aDMan(1→6)[aDMan(1→2)aDMan(1→2)aDMan(1→3)]bDMan(1→4)bDGlcNAc(1→4)bDGlcNAc(1→)PROB-234
G32	N282	FA3G3S1	aDNeu5Ac(2→6)bDGal(1→4)bDGlcNAc(1→2)aDMan(1→3)[bDGal(1→4)bDGlcNAc(1→6)[bDGal(1→4)bDGlcNAc(1→2)]aDMan(1→6)]bDMan(1→4)bDGlcNAc(1→4)[aLFuc(1→6)]bDGlcNAc(1→)PROB-282
G33	N331	FA2	bDGlcNAc(1→2)aDMan(1→6)[bDGlcNAc(1→2)aDMan(1→3)]bDMan(1→4)bDGlcNAc(1→4)[aLFuc(1→6)]bDGlcNAc(1→)PROB-331
G34	N343	FA1	bDGlcNAc(1→2)aDMan(1→3)[aDMan(1→6)]bDMan(1→4)bDGlcNAc(1→4)[aLFuc(1→6)]bDGlcNAc(1→)PROB-343
G35	N603	M5	aDMan(1→6)[aDMan(1→3)]aDMan(1→6)[aDMan(1→3)]bDMan(1→4)bDGlcNAc(1→4)bDGlcNAc(1→)PROB-603
G36	N616	FA2	bDGlcNAc(1→2)aDMan(1→6)[bDGlcNAc(1→2)aDMan(1→3)]bDMan(1→4)bDGlcNAc(1→4)[aLFuc(1→6)]bDGlcNAc(1→)PROB-616
G37	N657	Hybrid G1	bDGal(1→4)bDGlcNAc(1→2)aDMan(1→3)[aDMan(1→6)[aDMan(1→3)]aDMan(1→6)]bDMan(1→4)bDGlcNAc(1→4)bDGlcNAc(1→)PROB-657
G38	N709	M5	aDMan(1→6)[aDMan(1→3)]aDMan(1→6)[aDMan(1→3)]bDMan(1→4)bDGlcNAc(1→4)bDGlcNAc(1→)PROB-709
G39	N717	M5	aDMan(1→6)[aDMan(1→3)]aDMan(1→6)[aDMan(1→3)]bDMan(1→4)bDGlcNAc(1→4)bDGlcNAc(1→)PROB-717
G40	N801	M7	aDMan(1→2)aDMan(1→2)aDMan(1→3)[aDMan(1→6)[aDMan(1→3)]aDMan(1→6)]bDMan(1→4)bDGlcNAc(1→4)bDGlcNAc(1→)PROB-801
G41	N1074	M5	aDMan(1→6)[aDMan(1→3)]aDMan(1→6)[aDMan(1→3)]bDMan(1→4)bDGlcNAc(1→4)bDGlcNAc(1→)PROB-1074
G42	N1098	A2	bDGlcNAc(1→2)aDMan(1→6)[bDGlcNAc(1→2)aDMan(1→3)]bDMan(1→4)bDGlcNAc(1→4)bDGlcNAc(1→)PROB-1098
G43	N1134	FA3	bDGlcNAc(1→6)[bDGlcNAc(1→2)]aDMan(1→6)[bDGlcNAc(1→2)aDMan(1→3)]bDMan(1→4)bDGlcNAc(1→4)[aLFuc(1→6)]bDGlcNAc(1→)PROB-1134
G44	N1158	FA2G2S1	aDNeu5Ac(2→6)bDGal(1→4)bDGlcNAc(1→2)aDMan(1→6)[bDGal(1→4)bDGlcNAc(1→2)aDMan(1→3)]bDMan(1→4)bDGlcNAc(1→4)[aLFuc(1→6)]bDGlcNAc(1→)PROB-1158
G45	N1173	FA4	bDGlcNAc(1→6)[bDGlcNAc(1→2)]aDMan(1→6)[bDGlcNAc(1→4)[bDGlcNAc(1→2)]aDMan(1→3)]bDMan(1→4)bDGlcNAc(1→4)[aLFuc(1→6)]bDGlcNAc(1→)PROB-1173
G46	N1194	FA4G4S1	aDNeu5Ac(2→6)bDGal(1→4)bDGlcNAc(1→6)[bDGal(1→4)bDGlcNAc(1→2)]aDMan(1→6)[bDGal(1→4)bDGlcNAc(1→4)[bDGal(1→4)bDGlcNAc(1→2)]aDMan(1→3)]bDMan(1→4)bDGlcNAc(1→4)[aLFuc(1→6)]bDGlcNAc(1→)PROB-1194
G47	T323	O-glycan	aDNeu5Ac(2→3)bDGal(1→3)[aDNeu5Ac(2→6)]aDGalNAc(1→)PROB-323
G48	N17	FA3	bDGlcNAc(1→6)[bDGlcNAc(1→2)]aDMan(1→6)[bDGlcNAc(1→2)aDMan(1→3)]bDMan(1→4)bDGlcNAc(1→4)[aLFuc(1→6)]bDGlcNAc(1→)PROC-17
G49	N61	M5	aDMan(1→6)[aDMan(1→3)]aDMan(1→6)[aDMan(1→3)]bDMan(1→4)bDGlcNAc(1→4)bDGlcNAc(1→)PROC-61
G50	N74	A2	bDGlcNAc(1→2)aDMan(1→6)[bDGlcNAc(1→2)aDMan(1→3)]bDMan(1→4)bDGlcNAc(1→4)bDGlcNAc(1→)PROC-74
G51	N122	M5	aDMan(1→6)[aDMan(1→3)]aDMan(1→6)[aDMan(1→3)]bDMan(1→4)bDGlcNAc(1→4)bDGlcNAc(1→)PROC-122
G52	N149	FA2	bDGlcNAc(1→2)aDMan(1→6)[bDGlcNAc(1→2)aDMan(1→3)]bDMan(1→4)bDGlcNAc(1→4)[aLFuc(1→6)]bDGlcNAc(1→)PROC-149
G53	N165	FA2G2S1	aDNeu5Ac(2→6)bDGal(1→4)bDGlcNAc(1→2)aDMan(1→6)[bDGal(1→4)bDGlcNAc(1→2)aDMan(1→3)]bDMan(1→4)bDGlcNAc(1→4)[aLFuc(1→6)]bDGlcNAc(1→)PROC-165
G54	N234	M9	aDMan(1→2)aDMan(1→6)[aDMan(1→2)aDMan(1→3)]aDMan(1→6)[aDMan(1→2)aDMan(1→2)aDMan(1→3)]bDMan(1→4)bDGlcNAc(1→4)bDGlcNAc(1→)PROC-234
G55	N282	A2	bDGlcNAc(1→2)aDMan(1→6)[bDGlcNAc(1→2)aDMan(1→3)]bDMan(1→4)bDGlcNAc(1→4)bDGlcNAc(1→)PROC-282
G56	N331	FA3G3S1	aDNeu5Ac(2→6)bDGal(1→4)bDGlcNAc(1→2)aDMan(1→3)[bDGal(1→4)bDGlcNAc(1→6)[bDGal(1→4)bDGlcNAc(1→2)]aDMan(1→6)]bDMan(1→4)bDGlcNAc(1→4)[aLFuc(1→6)]bDGlcNAc(1→)PROC-331
G57	N343	FA2	bDGlcNAc(1→2)aDMan(1→6)[bDGlcNAc(1→2)aDMan(1→3)]bDMan(1→4)bDGlcNAc(1→4)[aLFuc(1→6)]bDGlcNAc(1→)PROC-343
G58	N603	M5	aDMan(1→6)[aDMan(1→3)]aDMan(1→6)[aDMan(1→3)]bDMan(1→4)bDGlcNAc(1→4)bDGlcNAc(1→)PROC-603
G59	N616	FA2	bDGlcNAc(1→2)aDMan(1→6)[bDGlcNAc(1→2)aDMan(1→3)]bDMan(1→4)bDGlcNAc(1→4)[aLFuc(1→6)]bDGlcNAc(1→)PROC-616
G60	N657	Hybrid G1	bDGal(1→4)bDGlcNAc(1→2)aDMan(1→3)[aDMan(1→6)[aDMan(1→3)]aDMan(1→6)]bDMan(1→4)bDGlcNAc(1→4)bDGlcNAc(1→)PROC-657
G61	N709	M5	aDMan(1→6)[aDMan(1→3)]aDMan(1→6)[aDMan(1→3)]bDMan(1→4)bDGlcNAc(1→4)bDGlcNAc(1→)PROC-709
G62	N717	M6	aDMan(1→6)[aDMan(1→3)]aDMan(1→6)[aDMan(1→2)aDMan(1→3)]bDMan(1→4)bDGlcNAc(1→4)bDGlcNAc(1→)PROC-717
G63	N801	M5	aDMan(1→6)[aDMan(1→3)]aDMan(1→6)[aDMan(1→3)]bDMan(1→4)bDGlcNAc(1→4)bDGlcNAc(1→)PROC-801
G64	N1074	M5	aDMan(1→6)[aDMan(1→3)]aDMan(1→6)[aDMan(1→3)]bDMan(1→4)bDGlcNAc(1→4)bDGlcNAc(1→)PROC-1074
G65	N1098	Hybrid G1S1	aDNeu5Ac(2→6)bDGal(1→4)bDGlcNAc(1→2)aDMan(1→3)[aDMan(1→6)[aDMan(1→3)]aDMan(1→6)]bDMan(1→4)bDGlcNAc(1→4)bDGlcNAc(1→)PROC-1098
G66	N1134	FA2	bDGlcNAc(1→2)aDMan(1→6)[bDGlcNAc(1→2)aDMan(1→3)]bDMan(1→4)bDGlcNAc(1→4)[aLFuc(1→6)]bDGlcNAc(1→)PROC-1134
G67	N1158	A2	bDGlcNAc(1→2)aDMan(1→6)[bDGlcNAc(1→2)aDMan(1→3)]bDMan(1→4)bDGlcNAc(1→4)bDGlcNAc(1→)PROC-1158
G68	N1173	FA4	bDGlcNAc(1→6)[bDGlcNAc(1→2)]aDMan(1→6)[bDGlcNAc(1→4)[bDGlcNAc(1→2)]aDMan(1→3)]bDMan(1→4)bDGlcNAc(1→4)[aLFuc(1→6)]bDGlcNAc(1→)PROC-1173
G69	N1194	FA4G4S1	aDNeu5Ac(2→6)bDGal(1→4)bDGlcNAc(1→6)[bDGal(1→4)bDGlcNAc(1→2)]aDMan(1→6)[bDGal(1→4)bDGlcNAc(1→4)[bDGal(1→4)bDGlcNAc(1→2)]aDMan(1→3)]bDMan(1→4)bDGlcNAc(1→4)[aLFuc(1→6)]bDGlcNAc(1→)PROC-1194
G70	T323	O-glycan	bDGal(1→3)aDGalNAc(1→)PROC-323