site_protein_residue	glycan_binding	sequence_poly	unit_number	protein_residue_number	protein_chain	protein_atom	glycan_atom	distance	linking_type
ASN17	D_1	NDG1_FCA2_NAG3_BMA4_MAN5_NAG6_MAN7_NAG8	8	17	A	ND2	NDG:C1	1.22	N-linked
ASN61	D_2	NDG1_NAG2_BMA3_MAN4_MAN5_MAN6_MAN7	7	61	A	ND2	NDG:C1	1.22	N-linked
ASN74	D_3	NDG1_NAG2_BMA3_MAN4_NAG5_MAN6_NAG7_NAG8	8	74	A	ND2	NDG:C1	1.219	N-linked
ASN122	D_4	NDG1_NAG2_BMA3_MAN4_MAN5_MAN6_MAN7	7	122	A	ND2	NDG:C1	1.219	N-linked
ASN149	D_5	NDG1_FCA2_NAG3_BMA4_MAN5_NAG6_GAL7_MAN8_NAG9_GAL10_SIA11	11	149	A	ND2	NDG:C1	1.219	N-linked
ASN163	D_6	NDG1_FCA2_NAG3_BMA4_MAN5_NAG6_GAL7_SIA8_MAN9_NAG10_GAL11_SIA12	12	163	A	ND2	NDG:C1	1.219	N-linked
ASN232	D_7	NDG1_NAG2_BMA3_MAN4_MAN5_MAN6_MAN7_MAN8_MAN9_MAN10	10	232	A	ND2	NDG:C1	1.219	N-linked
ASN280	D_8	NDG1_FCA2_NAG3_BMA4_MAN5_NAG6_MAN7_NAG8_NAG9	9	280	A	ND2	NDG:C1	1.219	N-linked
ASN329	D_9	NDG1_FCA2_NAG3_BMA4_MAN5_NAG6_MAN7_NAG8	8	329	A	ND2	NDG:C1	1.219	N-linked
ASN341	D_10	NDG1_FCA2_NAG3_BMA4_MAN5_NAG6_MAN7_NAG8	8	341	A	ND2	NDG:C1	1.22	N-linked
ASN601	D_11	NDG1_FCA2_NAG3_BMA4_MAN5_NAG6_MAN7_NAG8	8	601	A	ND2	NDG:C1	1.219	N-linked
ASN614	D_12	NDG1_NAG2_BMA3_MAN4_NAG5_MAN6_NAG7	7	614	A	ND2	NDG:C1	1.219	N-linked
ASN655	D_13	NDG1_NAG2_BMA3_MAN4_MAN5_MAN6_MAN7	7	655	A	ND2	NDG:C1	1.219	N-linked
ASN707	D_14	NDG1_NAG2_BMA3_MAN4_MAN5_MAN6_MAN7_MAN8	8	707	A	ND2	NDG:C1	1.219	N-linked
ASN715	D_15	NDG1_NAG2_BMA3_MAN4_MAN5_MAN6_MAN7_NAG8_GAL9	9	715	A	ND2	NDG:C1	1.22	N-linked
ASN799	D_16	NDG1_NAG2_BMA3_MAN4_MAN5_MAN6_MAN7_MAN8	8	799	A	ND2	NDG:C1	1.219	N-linked
ASN1072	D_17	NDG1_FCA2_NAG3_BMA4_MAN5_NAG6_GAL7_MAN8_NAG9_GAL10_SIA11	11	1072	A	ND2	NDG:C1	1.219	N-linked
ASN1096	D_18	NDG1_FCA2_NAG3_BMA4_MAN5_NAG6_MAN7_NAG8	8	1096	A	ND2	NDG:C1	1.218	N-linked
ASN1132	D_19	NDG1_FCA2_NAG3_BMA4_MAN5_MAN6_NAG7	7	1132	A	ND2	NDG:C1	1.219	N-linked
ASN1156	D_20	NDG1_NAG2_BMA3_MAN4_NAG5_MAN6_NAG7	7	1156	A	ND2	NDG:C1	1.219	N-linked
ASN1171	D_21	NDG1_FCA2_NAG3_BMA4_MAN5_NAG6_NAG7_MAN8_NAG9_NAG10	10	1171	A	ND2	NDG:C1	1.219	N-linked
ASN1192	D_22	NDG1_FCA2_NAG3_BMA4_MAN5_NAG6_GAL7_NAG8_GAL9_MAN10_NAG11_GAL12_NAG13_GAL14_SIA15	15	1192	A	ND2	NDG:C1	1.219	N-linked
THR321	D_23	A2G1_GAL2_SIA3	3	321	A	OG1	A2G:C1	1.195	O-linked
SER323	D_24	A2G1_GAL2_SIA3	3	323	A	OG	A2G:C1	1.194	O-linked
ASN17	E_25	NDG1_FCA2_NAG3_BMA4_MAN5_NAG6_MAN7_NAG8_NAG9	9	17	B	ND2	NDG:C1	1.219	N-linked
ASN61	E_26	NDG1_NAG2_BMA3_MAN4_MAN5_MAN6_MAN7	7	61	B	ND2	NDG:C1	1.219	N-linked
ASN74	E_27	NDG1_FCA2_NAG3_BMA4_MAN5_NAG6_GAL7_SIA8_MAN9_NAG10_GAL11_NAG12_GAL13_SIA14	14	74	B	ND2	NDG:C1	1.219	N-linked
ASN122	E_28	NDG1_FCA2_NAG3_BMA4_MAN5_NAG6_MAN7_NAG8	8	122	B	ND2	NDG:C1	1.219	N-linked
ASN149	E_29	NDG1_FCA2_NAG3_BMA4_MAN5_NAG6_MAN7_NAG8_NAG9	9	149	B	ND2	NDG:C1	1.219	N-linked
ASN163	E_30	NDG1_NAG2_BMA3_MAN4_MAN5_MAN6_MAN7	7	163	B	ND2	NDG:C1	1.219	N-linked
ASN232	E_31	NDG1_NAG2_BMA3_MAN4_MAN5_MAN6_MAN7_MAN8_MAN9_MAN10_MAN11	11	232	B	ND2	NDG:C1	1.22	N-linked
ASN280	E_32	NDG1_FCA2_NAG3_BMA4_MAN5_NAG6_GAL7_NAG8_GAL9_MAN10_NAG11_GAL12_SIA13	13	280	B	ND2	NDG:C1	1.22	N-linked
ASN329	E_33	NDG1_FCA2_NAG3_BMA4_MAN5_NAG6_MAN7_NAG8	8	329	B	ND2	NDG:C1	1.219	N-linked
ASN341	E_34	NDG1_FCA2_NAG3_BMA4_MAN5_MAN6_NAG7	7	341	B	ND2	NDG:C1	1.22	N-linked
ASN601	E_35	NDG1_NAG2_BMA3_MAN4_MAN5_MAN6_MAN7	7	601	B	ND2	NDG:C1	1.219	N-linked
ASN614	E_36	NDG1_FCA2_NAG3_BMA4_MAN5_NAG6_MAN7_NAG8	8	614	B	ND2	NDG:C1	1.22	N-linked
ASN655	E_37	NDG1_NAG2_BMA3_MAN4_MAN5_MAN6_MAN7_NAG8_GAL9	9	655	B	ND2	NDG:C1	1.22	N-linked
ASN707	E_38	NDG1_NAG2_BMA3_MAN4_MAN5_MAN6_MAN7	7	707	B	ND2	NDG:C1	1.219	N-linked
ASN715	E_39	NDG1_NAG2_BMA3_MAN4_MAN5_MAN6_MAN7	7	715	B	ND2	NDG:C1	1.219	N-linked
ASN799	E_40	NDG1_NAG2_BMA3_MAN4_MAN5_MAN6_MAN7_MAN8_MAN9	9	799	B	ND2	NDG:C1	1.218	N-linked
ASN1072	E_41	NDG1_NAG2_BMA3_MAN4_MAN5_MAN6_MAN7	7	1072	B	ND2	NDG:C1	1.219	N-linked
ASN1096	E_42	NDG1_NAG2_BMA3_MAN4_NAG5_MAN6_NAG7	7	1096	B	ND2	NDG:C1	1.219	N-linked
ASN1132	E_43	NDG1_FCA2_NAG3_BMA4_MAN5_NAG6_MAN7_NAG8_NAG9	9	1132	B	ND2	NDG:C1	1.219	N-linked
ASN1156	E_44	NDG1_FCA2_NAG3_BMA4_MAN5_NAG6_GAL7_MAN8_NAG9_GAL10_SIA11	11	1156	B	ND2	NDG:C1	1.219	N-linked
ASN1171	E_45	NDG1_FCA2_NAG3_BMA4_MAN5_NAG6_NAG7_MAN8_NAG9_NAG10	10	1171	B	ND2	NDG:C1	1.219	N-linked
ASN1192	E_46	NDG1_FCA2_NAG3_BMA4_MAN5_NAG6_GAL7_NAG8_GAL9_MAN10_NAG11_GAL12_NAG13_GAL14_SIA15	15	1192	B	ND2	NDG:C1	1.219	N-linked
THR321	E_47	A2G1_SIA2_GAL3_SIA4	4	321	B	OG1	A2G:C1	1.194	O-linked
ASN17	F_48	NDG1_FCA2_NAG3_BMA4_MAN5_NAG6_MAN7_NAG8_NAG9	9	17	C	ND2	NDG:C1	1.219	N-linked
ASN61	F_49	NDG1_NAG2_BMA3_MAN4_MAN5_MAN6_MAN7	7	61	C	ND2	NDG:C1	1.219	N-linked
ASN74	F_50	NDG1_NAG2_BMA3_MAN4_NAG5_MAN6_NAG7	7	74	C	ND2	NDG:C1	1.219	N-linked
ASN122	F_51	NDG1_NAG2_BMA3_MAN4_MAN5_MAN6_MAN7	7	122	C	ND2	NDG:C1	1.219	N-linked
ASN149	F_52	NDG1_FCA2_NAG3_BMA4_MAN5_NAG6_MAN7_NAG8	8	149	C	ND2	NDG:C1	1.219	N-linked
ASN163	F_53	NDG1_FCA2_NAG3_BMA4_MAN5_NAG6_GAL7_MAN8_NAG9_GAL10_SIA11	11	163	C	ND2	NDG:C1	1.22	N-linked
ASN232	F_54	NDG1_NAG2_BMA3_MAN4_MAN5_MAN6_MAN7_MAN8_MAN9_MAN10_MAN11	11	232	C	ND2	NDG:C1	1.219	N-linked
ASN280	F_55	NDG1_NAG2_BMA3_MAN4_NAG5_MAN6_NAG7	7	280	C	ND2	NDG:C1	1.219	N-linked
ASN329	F_56	NDG1_FCA2_NAG3_BMA4_MAN5_NAG6_GAL7_NAG8_GAL9_MAN10_NAG11_GAL12_SIA13	13	329	C	ND2	NDG:C1	1.219	N-linked
ASN341	F_57	NDG1_FCA2_NAG3_BMA4_MAN5_NAG6_MAN7_NAG8	8	341	C	ND2	NDG:C1	1.219	N-linked
ASN601	F_58	NDG1_NAG2_BMA3_MAN4_MAN5_MAN6_MAN7	7	601	C	ND2	NDG:C1	1.219	N-linked
ASN614	F_59	NDG1_FCA2_NAG3_BMA4_MAN5_NAG6_MAN7_NAG8	8	614	C	ND2	NDG:C1	1.219	N-linked
ASN655	F_60	NDG1_NAG2_BMA3_MAN4_MAN5_MAN6_MAN7_NAG8_GAL9	9	655	C	ND2	NDG:C1	1.219	N-linked
ASN707	F_61	NDG1_NAG2_BMA3_MAN4_MAN5_MAN6_MAN7	7	707	C	ND2	NDG:C1	1.219	N-linked
ASN715	F_62	NDG1_NAG2_BMA3_MAN4_MAN5_MAN6_MAN7_MAN8	8	715	C	ND2	NDG:C1	1.219	N-linked
ASN799	F_63	NDG1_NAG2_BMA3_MAN4_MAN5_MAN6_MAN7	7	799	C	ND2	NDG:C1	1.219	N-linked
ASN1072	F_64	NDG1_NAG2_BMA3_MAN4_MAN5_MAN6_MAN7	7	1072	C	ND2	NDG:C1	1.219	N-linked
ASN1096	F_65	NDG1_NAG2_BMA3_MAN4_MAN5_MAN6_MAN7_NAG8_GAL9_SIA10	10	1096	C	ND2	NDG:C1	1.219	N-linked
ASN1132	F_66	NDG1_FCA2_NAG3_BMA4_MAN5_NAG6_MAN7_NAG8	8	1132	C	ND2	NDG:C1	1.219	N-linked
ASN1156	F_67	NDG1_NAG2_BMA3_MAN4_NAG5_MAN6_NAG7	7	1156	C	ND2	NDG:C1	1.219	N-linked
ASN1171	F_68	NDG1_FCA2_NAG3_BMA4_MAN5_NAG6_NAG7_MAN8_NAG9_NAG10	10	1171	C	ND2	NDG:C1	1.219	N-linked
ASN1192	F_69	NDG1_FCA2_NAG3_BMA4_MAN5_NAG6_GAL7_NAG8_GAL9_MAN10_NAG11_GAL12_NAG13_GAL14_SIA15	15	1192	C	ND2	NDG:C1	1.219	N-linked
THR321	F_70	A2G1_GAL2	2	321	C	OG1	A2G:C1	1.194	O-linked
